#|Name|Symbol|Market Cap|Price|Circulating Supply|Volume (24h)|% 1h|% 24h|% 7d|Not Mineable|Significantly Premined
1|Bitcoin|BTC|$19,191,077,535|$1179.09|16,276,242|$192,839,493|0.06%|0.51%|0.23%|False|False
2|Ethereum|ETH|$4,427,634,275|$48.79|90,756,643|$61,913,086|-0.16%|2.19%|10.97%|False|False
3|Ripple|XRP|$1,267,728,772|$0.033777|37,532,331,339|$4,845,286|-0.04%|-0.16%|-2.46%|True|False
4|Dash|DASH|$546,158,187|$75.50|7,233,674|$18,289,207|-0.03%|7.27%|11.43%|False|False
5|Litecoin|LTC|$546,067,189|$10.78|50,653,680|$34,555,150|-0.04%|2.62%|10.39%|False|False
6|Monero|XMR|$294,263,187|$20.58|14,301,269|$4,326,399|-0.07%|-1.03%|-1.16%|False|False
7|Ethereum Classic|ETC|$239,973,524|$2.65|90,678,313|$3,478,207|-0.14%|0.68%|-1.34%|False|False
8|NEM|XEM|$216,363,447|$0.024040|8,999,999,999|$3,603,086|0.23%|5.94%|21.21%|True|False
9|Augur|REP|$128,781,410|$11.71|11,000,000|$1,241,035|0.72%|7.54%|14.60%|True|False
10|PIVX|PIVX|$108,156,986|$2.04|52,994,248|$2,485,828|0.75%|17.45%|133.33%|True|False
11|MaidSafeCoin|MAID|$90,673,436|$0.200360|452,552,412|$413,407|0.30%|1.82%|2.09%|True|False
12|Zcash|ZEC|$79,688,366|$72.68|1,096,453|$5,477,332|-0.17%|0.30%|8.75%|False|False
13|Stratis|STRAT|$69,852,141|$0.710257|98,347,643|$5,838,475|0.32%|10.19%|60.25%|True|False
14|SingularDTV|SNGLS|$65,969,285|$0.109949|600,000,000|$88,193|-0.08%|100.58%|115.67%|True|False
15|BitConnect|BCC|$64,913,012|$10.66|6,088,625|$806,740|-0.06%|-0.25%|81.88%|False|False
16|Golem|GNT|$64,187,748|$0.078278|820,000,000|$654,909|0.17%|3.28%|2.42%|True|False
17|Decred|DCR|$56,465,726|$12.06|4,682,505|$789,004|-0.11%|7.53%|7.60%|False|False
18|Factom|FCT|$51,207,548|$5.85|8,753,219|$3,700,923|1.00%|18.87%|27.19%|True|False
19|Tether|USDT|$50,740,473|$0.999935|50,743,773|$12,717,301|0.00%|0.04%|0.08%|True|False
20|Steem|STEEM|$49,607,535|$0.209600|236,677,579|$1,953,683|0.77%|24.37%|29.61%|False|False
21|Dogecoin|DOGE|$47,297,512|$0.000434|108,981,569,784|$1,246,925|0.35%|2.52%|4.59%|False|False
22|Waves|WAVES|$43,217,656|$0.432177|100,000,000|$187,682|0.11%|-0.28%|12.66%|True|False
23|Iconomi|ICN|$37,406,518|$0.429960|87,000,000|$74,704|0.02%|2.21%|-7.57%|True|False
24|GameCredits|GAME|$35,493,258|$0.572348|62,013,435|$823,797|0.14%|13.34%|48.10%|False|False
25|DigixDAO|DGD|$34,750,632|$17.38|2,000,000|$42,075|0.20%|2.05%|0.66%|True|False
26|Lisk|LSK|$33,739,761|$0.319064|105,745,923|$747,620|0.47%|12.71%|16.88%|True|False
27|Stellar Lumens|XLM|$31,400,374|$0.003370|9,317,208,087|$1,198,547|0.11%|8.51%|16.60%|True|False
28|Ark|ARK|$29,903,165|$0.318967|93,750,000|$1,955,223|3.25%|88.34%|316.60%|True|False
29|Round|ROUND|$29,190,537|$0.034342|850,000,000|$27,971|0.00%|0.66%|3.49%|True|False
30|BitShares|BTS|$29,109,317|$0.011215|2,595,640,417|$1,772,089|0.45%|10.77%|29.78%|True|False
31|First Blood|1ST|$27,363,432|$0.319822|85,558,371|$153,672|-0.05%|0.54%|5.33%|True|False
32|Bytecoin|BCN|$25,186,703|$0.000138|182,757,136,437|$106,431|0.46%|0.17%|8.42%|False|False
33|Ardor|ARDR|$25,134,262|$0.025159|998,999,495|$76,772|0.51%|7.73%|14.60%|True|False
34|Siacoin|SC|$21,682,691|$0.000865|25,072,725,446|$332,525|0.09%|3.01%|39.80%|False|False
35|Peercoin|PPC|$20,185,808|$0.840617|24,013,098|$211,473|-0.08%|-0.80%|6.34%|False|False
36|Creditbit|CRBIT|$17,433,958|$1.38|12,594,410|$348,337|-2.07%|-7.68%|26.64%|False|False
37|Emercoin|EMC|$17,385,969|$0.435696|39,903,872|$171,317|-0.24%|-0.10%|18.47%|False|False
38|Melon|MLN|$17,365,052|$28.97|599,400|$154,553|0.07%|2.71%|-14.02%|True|False
39|Nxt|NXT|$17,082,125|$0.017099|998,999,983|$642,052|0.38%|9.65%|16.51%|True|False
40|Storjcoin X|SJCX|$17,007,581|$0.332354|51,173,144|$245,801|0.61%|17.24%|39.79%|True|False
41|Nexus|NXS|$16,089,604|$0.331107|48,593,342|$72,240|0.38%|0.40%|27.35%|False|False
42|Komodo|KMD|$14,843,043|$0.147198|100,837,566|$107,322|-0.37%|3.88%|-13.68%|False|False
43|Byteball|GBYTE|$14,688,249|$106.87|137,442|$23,381|0.70%|0.26%|36.76%|True|False
44|SysCoin|SYS|$14,165,925|$0.027029|524,107,166|$269,815|1.48%|10.79%|51.53%|False|False
45|Gulden|NLG|$13,417,634|$0.039025|343,819,291|$68,307|-0.61%|10.06%|26.65%|False|True
46|ZCoin|XZC|$13,369,154|$7.06|1,894,593|$1,014,728|-0.11%|-5.53%|-4.10%|False|False
47|Bitcrystals|BCY|$13,297,007|$0.321808|41,319,672|$101,861|0.07%|-0.03%|15.08%|True|False
48|PotCoin|POT|$12,363,786|$0.057104|216,513,059|$1,205,541|0.52%|22.90%|68.73%|False|False
49|Namecoin|NMC|$12,117,013|$0.822251|14,736,400|$127,491|0.05%|-0.54%|2.50%|False|False
50|Counterparty|XCP|$10,467,382|$4.00|2,619,457|$153,143|0.68%|-1.82%|10.84%|True|False
51|Xaurum|XAUR|$10,193,668|$0.109815|92,825,501|$45,900|-0.05%|-3.48%|8.04%|True|False
52|I/O Coin|IOC|$9,983,881|$0.611563|16,325,200|$137,368|0.66%|13.51%|24.80%|True|False
53|AntShares|ANS|$9,583,432|$0.191669|50,000,000|$107,122|-0.06%|-0.36%|1.07%|True|False
54|BitcoinDark|BTCD|$9,493,520|$7.37|1,288,862|$29,652|0.22%|1.54%|-7.63%|False|False
55|Rubycoin|RBY|$8,399,599|$0.346723|24,225,652|$68,855|0.12%|-0.40%|-19.06%|True|False
56|ShadowCash|SDC|$8,363,146|$1.26|6,650,626|$312,168|-0.08%|-13.23%|-19.99%|True|False
57|Synereo|AMP|$8,068,845|$0.098094|82,256,324|$246,705|0.98%|3.53%|10.10%|True|False
58|Edgeless|EDG|$8,040,120|$0.108519|74,089,324|$189,571|0.17%|-0.97%|60.03%|True|False
59|Ubiq|UBQ|$7,693,216|$0.209486|36,724,212|$81,815|1.46%|19.04%|48.62%|False|False
60|Nexium|NXC|$7,256,283|$0.109082|66,521,586|$166,022|0.08%|0.33%|23.97%|True|False
61|Agoras Tokens|AGRS|$6,520,236|$0.155244|42,000,000|$2,725|-0.62%|3.56%|13.07%|True|False
62|MonaCoin|MONA|$6,409,658|$0.132488|48,379,009|$68,731|0.14%|9.16%|130.24%|False|False
63|BlackCoin|BLK|$6,292,234|$0.082708|76,077,344|$163,593|0.14%|8.07%|23.74%|True|False
64|Lykke|LKK|$6,188,705|$0.064327|96,207,194|$28,423|0.00%|1.53%|25.10%|True|False
65|Chronobank|TIME|$6,095,424|$8.58|710,113|$451,592|-0.03%|9.87%|11.89%|True|False
66|NAV Coin|NAV|$6,071,129|$0.099695|60,896,841|$400,769|-0.04%|9.70%|19.20%|True|False
67|DigiByte|DGB|$6,040,401|$0.000745|8,107,031,908|$255,697|1.24%|4.97%|11.72%|False|False
68|GridCoin|GRC|$5,812,791|$0.014938|389,121,604|$166,655|-0.32%|28.89%|26.39%|False|False
69|Expanse|EXP|$5,522,296|$0.805901|6,852,322|$1,088,464|2.15%|27.94%|77.04%|False|False
70|YbCoin|YBC|$5,342,172|$1.77|3,018,263|$124,021|-0.03%|1.04%|-6.01%|True|False
71|LBRY Credits|LBC|$5,035,473|$0.082234|61,233,823|$420,313|-0.14%|-2.27%|54.28%|False|False
72|Radium|RADS|$4,870,106|$1.52|3,197,564|$52,227|0.55%|5.48%|33.78%|True|False
73|ZClassic|ZCL|$4,808,513|$4.20|1,145,686|$270,504|-1.28%|15.70%|37.52%|False|False
74|E-Dinar Coin|EDR|$4,792,031|$0.069766|68,687,608|$195,866|3.20%|5.45%|-27.70%|False|False
75|Crown|CRW|$4,781,202|$0.360135|13,276,149|$23,027|0.31%|-0.38%|28.14%|False|False
76|BitBay|BAY|$4,753,864|$0.004719|1,007,431,887|$43,517|0.11%|7.15%|-15.83%|True|False
77|vSlice|VSL|$4,591,813|$0.137519|33,390,496|$57,891|-0.34%|3.45%|52.17%|True|False
78|SuperNET|UNITY|$4,536,317|$5.56|816,061|$26,150|1.13%|14.77%|37.66%|True|False
79|ION|ION|$4,528,814|$0.361092|12,541,984|$5,952|0.04%|3.50%|3.53%|True|False
80|BelaCoin|BELA|$4,513,765|$0.134997|33,436,079|$693,291|-0.04%|-6.70%|-8.70%|False|False
81|Novacoin|NVC|$4,450,551|$2.63|1,694,173|$1,734,309|0.04%|2.66%|-0.04%|False|False
82|Boolberry|XBB|$4,253,842|$0.451373|9,424,236|$359,493|-0.33%|38.47%|69.03%|False|False
83|ArcticCoin|ARC|$4,195,888|$0.182741|22,960,797|$6,535|0.02%|-5.39%|-6.42%|False|False
84|SolarCoin|SLR|$4,008,700|$0.114585|34,984,461|$77,014|1.00%|-4.25%|-0.36%|True|False
85|Clams|CLAM|$3,863,752|$1.74|2,217,310|$293,001|0.22%|0.48%|7.01%|True|False
86|Viacoin|VIA|$3,862,504|$0.171360|22,540,252|$71,558|-0.15%|-0.59%|30.22%|False|False
87|Burst|BURST|$3,782,593|$0.002165|1,747,159,231|$213,416|1.17%|14.21%|45.18%|False|False
88|Omni|OMNI|$3,569,938|$6.39|558,591|$28,185|0.68%|9.54%|20.71%|True|False
89|NautilusCoin|NAUT|$3,504,224|$0.216577|16,180,000|$64,271|0.42%|4.46%|35.57%|True|False
90|Bitcoin Plus|XBC|$3,483,084|$36.57|95,242|$36,241|0.09%|1.29%|-6.37%|True|False
91|Vertcoin|VTC|$3,457,135|$0.103503|33,401,263|$213,573|0.24%|3.32%|59.32%|False|False
92|MonetaryUnit|MUE|$3,347,051|$0.028451|117,641,459|$27,321|1.47%|11.45%|2.61%|False|False
93|Aeon|AEON|$3,294,196|$0.236201|13,946,555|$8,830|-0.04%|3.52%|-1.95%|False|False
94|SIBCoin|SIB|$3,270,901|$0.231086|14,154,468|$27,959|-0.03%|-4.44%|-1.31%|False|False
95|NeosCoin|NEOS|$3,254,078|$0.991416|3,282,252|$319,275|-0.21%|-4.80%|90.21%|False|False
96|Pepe Cash|PEPECASH|$3,176,198|$0.004525|701,884,009|$4,608|0.09%|-2.91%|27.20%|True|False
97|CureCoin|CURE|$3,169,868|$0.119929|26,431,310|$18,748|1.11%|6.49%|56.86%|False|True
98|Blocknet|BLOCK|$3,123,615|$0.798773|3,910,516|$27,519|-1.35%|20.14%|109.20%|True|False
99|Primecoin|XPM|$2,811,098|$0.149966|18,744,846|$67,459|0.01%|3.47%|5.25%|False|False
100|Golos|GOLOS|$2,737,992|$0.022575|121,284,308|$2,643|-0.15%|1.99%|1.00%|False|False
101|HEAT|HEAT|$2,702,710|$0.101262|26,690,264|$1,569|0.33%|2.23%|23.77%|True|False
102|Incent|INCNT|$2,661,334|$0.115668|23,008,312|$41,746|0.68%|22.54%|22.97%|True|False
103|Einsteinium|EMC2|$2,651,030|$0.012638|209,766,808|$1,600,619|1.93%|22.43%|117.57%|False|False
104|LoMoCoin|LMC|$2,642,636|$0.012865|205,420,292|$3,734|0.42%|3.52%|2.79%|True|False
105|Pascal Coin|PASC|$2,479,955|$0.295854|8,382,372|$113,945|0.27%|2.05%|6.64%|False|False
106|GoldCoin|GLD|$2,439,991|$0.060783|40,142,353|$16,990|1.09%|14.18%|32.90%|False|False
107|VeriCoin|VRC|$2,356,818|$0.078260|30,115,273|$25,169|0.33%|9.65%|39.10%|False|False
108|Bitmark|BTM|$2,233,021|$0.572396|3,901,180|$253,591|-0.60%|11.77%|63.78%|False|False
109|Shift|SHIFT|$2,126,378|$0.199088|10,680,604|$15,301|1.30%|11.73%|11.51%|False|False
110|SpreadCoin|SPR|$2,049,233|$0.261248|7,844,029|$21,132|0.71%|24.45%|81.21%|False|False
111|Yocoin|YOC|$2,007,140|$0.021439|93,618,830|$96,214|-0.05%|58.13%|-18.33%|True|False
112|Scotcoin|SCOT|$1,997,686|$0.001998|1,000,000,000|$136|0.68%|-0.63%|126.17%|True|False
113|Global Curren...|GCR|$1,977,214|$0.019302|102,434,697|$6,258|0.30%|14.94%|17.66%|True|False
114|BitSend|BSD|$1,971,669|$0.134036|14,709,958|$96,345|1.58%|10.77%|27.48%|False|False
115|FairCoin|FAIR|$1,935,126|$0.036484|53,040,578|$1,729|0.74%|-3.44%|-0.94%|True|False
116|FlorinCoin|FLO|$1,925,278|$0.015502|124,197,561|$31,809|-0.05%|-2.22%|11.30%|False|False
117|Jinn|JINN|$1,923,817|$32.77|58,703|$2,643|0.17%|?|-16.93%|True|False
118|Groestlcoin|GRS|$1,906,732|$0.028362|67,229,428|$14,043|-0.18%|3.79%|96.04%|False|False
119|ReddCoin|RDD|$1,904,405|$0.000067|28,279,196,459|$5,789|-0.67%|16.97%|2.29%|True|False
120|Swarm City|SWT|$1,880,699|$0.438665|4,287,329|$14,689|0.44%|17.05%|-0.94%|True|False
121|SaluS|SLS|$1,871,132|$1.87|1,003,032|$1,286|-0.77%|-2.89%|6.42%|True|False
122|Darcrus|DAR|$1,857,261|$0.136276|13,628,655|$48,063|0.72%|14.91%|94.40%|True|False
123|Feathercoin|FTC|$1,837,896|$0.011587|158,613,788|$24,375|-0.05%|-2.85%|10.36%|False|False
124|Veros|VRS|$1,773,804|$0.025525|69,493,113|$12,195|-0.38%|-0.81%|-16.66%|True|False
125|Joincoin|J|$1,772,643|$0.724000|2,448,402|$8,739|-0.44%|-9.54%|388.60%|False|False
126|Vcash|XVC|$1,761,887|$0.115858|15,207,248|$46,165|-0.03%|6.77%|40.79%|False|False
127|Waves Communi...|WCT|$1,730,412|$0.432603|4,000,000|$11,441|-0.51%|-44.53%|35.01%|True|False
128|Safe Exchange...|SAFEX|$1,702,686|$0.000793|2,147,483,647|$7,999|0.20%|-2.82%|17.74%|True|False
129|DNotes|NOTE|$1,666,533|$0.015028|110,895,736|$31,906|-0.02%|10.17%|26.80%|False|False
130|Verge|XVG|$1,636,986|$0.000122|13,409,472,280|$69,249|2.81%|39.32%|174.42%|False|False
131|Qora|QORA|$1,617,035|$0.000162|10,000,000,000|$114,186|0.42%|17.97%|36.43%|True|False
132|CloakCoin|CLOAK|$1,555,646|$0.312447|4,978,917|$6,634|0.33%|2.99%|-5.66%|True|False
133|Auroracoin|AUR|$1,539,191|$0.177774|8,658,139|$1,986|-0.04%|0.76%|2.69%|False|True
134|FoldingCoin|FLDC|$1,478,108|$0.003173|465,833,654|$167,763|2.09%|23.95%|55.58%|True|False
135|Asch|XAS|$1,471,538|$0.019621|75,000,000|$669|0.31%|-1.90%|6.61%|False|False
136|PoSW Coin|POSW|$1,445,143|$0.035247|41,000,000|$36,727|0.51%|2.69%|46.60%|True|False
137|Gambit|GAM|$1,401,113|$1.09|1,283,404|$43,653|0.71%|75.98%|101.43%|True|False
138|Energycoin|ENRG|$1,388,088|$0.011489|120,814,384|$882|-0.18%|-2.57%|-10.58%|False|False
139|Centurion|CNT|$1,373,262|$0.031261|43,928,309|$21,180|0.16%|-8.95%|4.01%|False|False
140|Unobtanium|UNO|$1,358,128|$6.87|197,681|$30,156|-0.44%|3.09%|7.37%|False|False
141|EarthCoin|EAC|$1,349,572|$0.000144|9,346,468,332|$120,861|0.44%|4.32%|3.59%|False|False
142|vTorrent|VTR|$1,252,988|$0.115846|10,815,966|$3,617|0.37%|-2.88%|-14.09%|False|False
143|OBITS|OBITS|$1,234,001|$0.124511|9,910,800|$38,452|-0.72%|-5.36%|45.57%|True|False
144|BlockPay|BLOCKPAY|$1,226,328|$0.225914|5,428,300|$2,572|0.37%|8.02%|27.23%|True|False
145|Steem Dollars|SBD|$1,126,850|$1.08|1,046,847|$44,145|0.35%|6.61%|7.02%|True|False
146|Diamond|DMD|$1,110,692|$0.544034|2,041,584|$6,990|0.11%|17.39%|31.00%|False|False
147|DigitalNote|XDN|$1,061,063|$0.000154|6,878,728,884|$19,741|0.18%|2.45%|-6.94%|False|False
148|NuShares|NSR|$1,051,826|$0.000389|2,702,268,334|$54,538|1.08%|10.97%|37.18%|True|False
149|DubaiCoin|DBIC|$1,002,292|$0.168808|5,937,465|$769|-0.59%|-0.50%|-4.92%|False|False
150|Wild Beast Block|WBB|$993,248|$0.437367|2,270,971|$1,874|-0.18%|1.39%|6.59%|False|False
151|Triggers|TRIG|$960,844|$0.029928|32,105,593|$3,509|-0.41%|2.87%|8.63%|True|False
152|OKCash|OK|$888,746|$0.012550|70,819,160|$4,839|-0.06%|-2.07%|12.57%|True|False
153|Casino|CASINO|$882,431|$0.882431|1,000,000|$2,628|0.90%|12.94%|41.26%|True|False
154|Sphere|SPHR|$880,601|$0.285637|3,082,940|$24,247|-0.58%|14.98%|7.69%|True|False
155|Project Decorum|PDC|$880,043|$0.017601|50,000,000|$969|0.11%|0.97%|-3.69%|True|False
156|Hacker Gold|HKG|$871,359|$0.054085|16,110,893|$1,814|-0.34%|14.39%|13.24%|True|False
157|HiCoin|XHI|$865,242|$0.004560|189,729,990|$185,983|-0.11%|6.37%|80.24%|False|False
158|Musicoin|MUSIC|$851,610|$0.008172|104,216,796|$50,059|-0.50%|-2.15%|111.75%|False|False
159|Riecoin|RIC|$832,375|$0.025349|32,837,202|$35,647|0.34%|0.89%|-13.63%|False|False
160|FedoraCoin|TIPS|$824,731|$0.000002|443,168,182,458|$496|-0.01%|4.26%|6.92%|False|False
161|Myriad|XMY|$796,649|$0.000540|1,474,775,556|$41,355|2.30%|16.19%|35.32%|False|False
162|TransferCoin|TX|$792,231|$0.134058|5,909,613|$21,663|-0.01%|-6.06%|74.56%|True|False
163|HunterCoin|HUC|$778,957|$0.045947|16,953,283|$82,940|0.05%|6.72%|10.92%|False|False
164|InstantDEX|DEX|$769,444|$0.769444|1,000,000|$123|0.38%|?|2.80%|True|False
165|Adzcoin|ADZ|$764,401|$0.014033|54,473,111|$3,204|0.09%|-0.23%|-12.82%|False|False
166|Sequence|SEQ|$762,814|$0.017114|44,571,280|$4,909|-0.24%|-17.23%|9.05%|False|False
167|Janus|JNS|$748,331|$0.047382|15,793,533|$14,752|0.10%|29.98%|33.72%|True|False
168|Veltor|VLT|$726,205|$1.31|552,985|$1,982|-0.40%|19.55%|60.90%|False|False
169|Voxels|VOX|$710,875|$0.022567|31,500,000|$113,111|0.34%|1.92%|0.71%|True|False
170|Megacoin|MEC|$693,267|$0.021081|32,886,450|$9,231|0.63%|4.04%|-5.95%|False|False
171|Asiadigicoin|ADCN|$683,085|$0.027399|24,931,054|$4,124|0.97%|13.73%|-3.90%|False|False
172|BoostCoin|BOST|$668,323|$0.056372|11,855,487|$2,475|0.41%|2.65%|9.59%|False|False
173|NobleCoin|NOBL|$663,223|$0.000290|2,288,736,972|$22,221|1.29%|6.77%|35.18%|False|False
174|Breakout Stake|BRX|$656,389|$0.104719|6,268,082|$1,376|0.16%|2.72%|2.13%|True|False
175|Quark|QRK|$653,865|$0.002614|250,101,047|$202|-0.32%|-2.59%|11.48%|False|False
176|Bata|BTA|$641,753|$0.130043|4,934,933|$32,635|0.33%|20.15%|61.81%|False|False
177|RaiBlocks|XRB|$627,197|$0.011170|56,149,902|$4,624|-0.12%|7.65%|21.95%|False|False
178|WorldCoin|WDC|$622,824|$0.005464|113,978,362|$681|0.57%|-4.99%|-9.04%|False|False
179|Breakout|BRK|$604,017|$0.033962|17,785,125|$1,761|0.46%|11.08%|6.83%|False|False
180|ExclusiveCoin|EXCL|$603,335|$0.149826|4,026,904|$70,658|-0.22%|-15.62%|65.13%|False|False
181|Master Swiscoin|MSCN|$573,919|$0.062508|9,181,508|$29,681|0.02%|-6.42%|-30.12%|True|False
182|Mooncoin|MOON|$570,911|$0.000003|221,807,229,379|Low Vol|0.75%|-53.35%|-27.61%|False|False
183|Magi|XMG|$542,076|$0.079638|6,806,789|$13,194|0.25%|0.48%|28.66%|False|False
184|Horizon|HZ|$541,972|$0.000543|997,285,886|$19,180|0.90%|9.27%|34.04%|True|False
185|Bitstar|BITS|$540,530|$0.028720|18,820,916|$12,101|0.81%|8.80%|33.20%|False|False
186|Coin2.1|C2|$533,082|$0.005332|99,976,323|$167,617|1.18%|36.18%|60.82%|True|False
187|ZcCoin|ZCC|$533,001|$0.008645|61,657,044|$19,588|0.32%|3.09%|-4.59%|False|False
188|Spectrecoin|XSPEC|$530,304|$0.026170|20,264,153|$6,456|0.03%|-5.54%|9.47%|True|False
189|Fantomcoin|FCN|$521,131|$0.092145|5,655,536|$1,860|0.17%|-0.80%|118.44%|False|False
190|RussiaCoin|RC|$513,009|$0.062437|8,216,446|$13,002|0.27%|95.15%|329.50%|False|False
191|Rise|RISE|$507,521|$0.004726|107,387,215|$2,864|0.06%|0.83%|-14.60%|True|False
192|Dynamic|DYN|$507,328|$0.474555|1,069,062|$15,438|1.61%|-20.80%|6.08%|True|False
193|Infinitecoin|IFC|$493,877|$0.000005|90,596,274,910|$3,427|0.13%|-0.53%|2.08%|False|False
194|Blitzcash|BLITZ|$484,482|$0.119440|4,056,269|$4,860|-0.56%|12.12%|12.28%|True|False
195|LuckChain|BASH|$477,096|$0.000655|728,734,207|$167|0.02%|-1.52%|47.12%|False|False
196|EuropeCoin|ERC|$475,244|$0.048680|9,762,518|$255|0.31%|-0.78%|30.26%|True|False
197|Zeitcoin|ZEIT|$471,754|$0.000013|36,112,083,110|$148|0.12%|10.73%|-2.53%|False|False
198|bitCNY|BITCNY|$469,958|$0.143411|3,277,005|$67,554|-0.04%|-0.20%|0.13%|True|False
199|TrumpCoin|TRUMP|$468,425|$0.071682|6,534,807|$6,628|-0.36%|1.95%|-9.29%|False|False
200|UniBURST|UNIBURST|$464,123|$0.464123|1,000,000|$1,851|1.10%|14.03%|37.04%|True|False
201|PinkCoin|PINK|$456,198|$0.003909|116,697,822|$787,561|3.32%|69.75%|134.20%|True|False
202|Circuits of V...|COVAL|$455,298|$0.001138|400,000,000|$77,223|0.39%|-3.86%|-11.19%|True|False
203|Bitswift|SWIFT|$449,135|$0.110651|4,059,014|$1,479|0.54%|-7.43%|3.49%|True|False
204|Qwark|QWARK|$449,075|$0.031292|14,351,186|$3,684|-0.08%|-1.91%|-7.27%|True|False
205|Mintcoin|MINT|$447,898|$0.000018|24,305,520,451|$3,353|-7.59%|-24.24%|19.50%|True|False
206|AsiaCoin|AC|$444,639|$0.000574|774,075,176|$1,223|0.08%|1.85%|41.02%|False|False
207|ICO OpenLedger|ICOO|$433,482|$0.912950|474,814|$1,958|0.03%|2.27%|23.17%|True|False
208|Elcoin|EL|$430,334|$0.038392|11,208,967|$1,233|0.37%|0.66%|40.46%|True|False
209|CannabisCoin|CANN|$421,864|$0.005462|77,231,176|$12,788|1.05%|4.96%|13.22%|False|False
210|e-Gulden|EFL|$415,965|$0.027220|15,281,803|$2,905|-0.60%|9.79%|30.24%|False|True
211|Tokes|TKS|$403,394|$0.622883|647,624|$3,021|-0.33%|-2.37%|-4.61%|True|False
212|Ultimate Secu...|USC|$402,448|$0.038910|10,343,113|$7,157|0.06%|12.97%|?|False|False
213|Synergy|SNRG|$400,775|$0.150908|2,655,767|$574|1.21%|8.41%|70.37%|True|False
214|FuelCoin|FC2|$397,996|$0.003927|101,354,139|$3,792|0.54%|2.57%|-10.18%|False|True
215|PutinCoin|PUT|$394,028|$0.003277|120,252,015|$249|1.12%|-9.17%|-38.53%|False|False
216|InsaneCoin|INSANE|$391,025|$0.021326|18,335,908|$38,431|-1.65%|29.26%|708.38%|False|False
217|Zetacoin|ZET|$382,436|$0.002305|165,885,365|$591|0.11%|-0.03%|13.53%|False|False
218|Digitalcoin|DGC|$381,427|$0.011091|34,389,793|$7,007|0.37%|0.34%|-7.78%|False|False
219|AudioCoin|ADC|$378,332|$0.000477|793,198,644|$7,069|1.13%|11.86%|40.91%|False|False
220|Visio|VISIO|$369,224|$0.007339|50,310,426|Low Vol|-0.27%|-1.75%|-28.40%|True|False
221|Startcoin|START|$368,711|$0.008179|45,079,785|$8,718|0.31%|3.61%|10.84%|False|True
222|Carboncoin|CARBON|$362,959|$0.000024|15,391,896,644|Low Vol|0.06%|57.00%|?|False|False
223|Syndicate|SYNX|$349,063|$0.030976|11,268,860|$19,898|0.00%|-19.82%|125.54%|True|False
224|Stealthcoin|XST|$344,567|$0.013316|25,876,091|$6,596|0.48%|45.85%|88.67%|False|False
225|CryptoCarbon|CCRB|$340,364|$0.605510|562,111|$9,410|-1.42%|-12.19%|-23.52%|True|False
226|Pesetacoin|PTC|$327,656|$0.002526|129,735,102|$1,513|-0.05%|-16.55%|80.54%|False|False
227|Pangea Poker|PANGEA|$324,666|$0.324876|999,352|$200|0.38%|9.65%|?|True|False
228|Dashcoin|DSH|$314,621|$0.018215|17,272,486|$1,481|1.68%|-0.11%|80.05%|False|False
229|HempCoin|THC|$313,993|$0.001482|211,823,061|$3,903|-1.18%|-1.40%|99.00%|False|False
230|EvergreenCoin|EGC|$312,383|$0.023512|13,286,359|$7,027|0.05%|6.20%|23.94%|False|False
231|SmileyCoin|SMLY|$305,655|$0.000012|25,900,468,958|$526|0.09%|-2.19%|-15.37%|False|True
232|CageCoin|CAGE|$301,643|$0.000003|101,168,328,395|$277|-17.48%|-56.71%|-83.12%|False|False
233|Cryptonite|XCN|$293,713|$0.000934|314,584,652|$1,174|1.22%|15.50%|8.56%|False|False
234|MazaCoin|MZC|$293,440|$0.000269|1,092,618,137|$2,550|0.84%|3.80%|46.17%|False|False
235|Pesobit|PSB|$292,882|$0.009034|32,418,553|$2,179|-0.55%|1.38%|-2.78%|True|False
236|Terracoin|TRC|$287,539|$0.014783|19,450,607|$3,277|-1.08%|-9.03%|-1.52%|False|False
237|GeoCoin|GEO|$285,573|$0.116319|2,455,079|$1,926|0.12%|27.63%|38.43%|False|False
238|Quatloo|QTL|$282,423|$0.055793|5,062,002|$13,976|0.24%|2.08%|14.98%|False|False
239|TagCoin|TAG|$279,950|$0.051670|5,417,998|$7,382|0.95%|5.34%|-3.38%|False|False
240|Woodcoin|LOG|$279,583|$0.034795|8,035,193|Low Vol|0.06%|5.80%|-3.73%|False|False
241|CasinoCoin|CSC|$279,065|$0.007229|38,601,187|$931|0.11%|-1.55%|-9.77%|False|False
242|TeslaCoin|TES|$278,047|$0.003953|70,333,951|$3,114|0.15%|-2.33%|44.87%|False|False
243|DopeCoin|DOPE|$275,017|$0.002503|109,865,188|$1,936|-0.49%|0.05%|43.32%|False|False
244|Qibuck|QBK|$273,875|$0.520371|526,307|$10,179|-0.30%|5.50%|15.31%|True|False
245|Ixcoin|IXC|$269,072|$0.012814|20,999,088|$1,496|0.21%|16.56%|41.65%|True|False
246|Mercury|MER|$266,728|$0.002667|100,000,000|$5,288|0.23%|5.50%|7.08%|True|False
247|Swing|SWING|$266,030|$0.123405|2,155,746|$4,651|0.20%|-20.78%|111.14%|False|False
248|VeriumReserve|VRM|$258,521|$0.252018|1,025,806|$3,511|0.74%|19.52%|33.05%|False|False
249|PRCoin|PRC|$253,178|$0.031995|7,912,943|$1,194|2.61%|-7.76%|48.71%|False|True
250|Vault Coin|VLTC|$252,938|$0.008566|29,528,052|$469|-1.73%|24.06%|13.14%|False|False
251|SecureCoin|SRC|$252,755|$0.033042|7,649,426|$2,469|0.13%|1.02%|-5.58%|False|False
252|Pandacoin|PND|$247,548|$0.000008|32,514,916,898|Low Vol|0.64%|-34.32%|-34.91%|False|False
253|Renos|RNS|$247,145|$0.007412|33,342,485|$42,013|-1.15%|5.17%|405.21%|True|False
254|TrustPlus|TRUST|$240,286|$0.007489|32,086,595|$1,505|0.45%|13.37%|33.04%|True|False
255|ParkByte|PKB|$238,959|$0.050159|4,764,026|$5,621|0.96%|0.30%|63.89%|True|False
256|Atomic Coin|ATOM|$235,874|$0.024995|9,437,002|$1,325|-0.20%|3.45%|-0.60%|False|False
257|ArtByte|ABY|$234,944|$0.000309|759,394,156|$3,617|0.14%|0.26%|2.59%|False|True
258|Mineum|MNM|$232,925|$0.024684|9,436,367|Low Vol|1.15%|4.49%|8.49%|False|False
259|YashCoin|YASH|$229,883|$0.022988|10,000,077|$411|-0.58%|14.85%|?|True|False
260|Capricoin|CPC|$229,173|$0.246210|930,801|$15,127|-0.12%|-11.52%|-17.67%|True|False
261|2GIVE|2GIVE|$228,857|$0.000448|511,210,276|$2,224|-0.01%|-2.07%|27.11%|False|False
262|Canada eCoin|CDN|$226,437|$0.002324|97,415,544|$698|0.23%|7.06%|34.20%|False|False
263|BitBean|BITB|$222,348|$0.000118|1,885,504,285|$2,324|0.31%|6.26%|-5.83%|True|False
264|Orbitcoin|ORB|$216,637|$0.074166|2,920,978|$2,388|0.15%|1.76%|1.69%|False|False
265|BTCtalkcoin|TALK|$213,832|$0.003275|65,290,635|$271|-2.82%|70.66%|-53.92%|False|False
266|Dotcoin|DOT|$207,323|$0.000971|213,534,627|$5,666|-0.25%|-0.48%|50.84%|True|False
267|WhiteCoin|XWC|$205,465|$0.000670|306,584,146|$1,264|0.80%|12.77%|2.98%|False|False
268|Digital Rupees|DRS|$204,391|$0.000400|510,802,961|$437|-0.67%|-15.91%|112.59%|True|False
269|HTMLCOIN|HTML5|$204,271|$0.000005|40,659,020,000|Low Vol|-6.16%|-34.22%|14.41%|False|False
270|Tao|XTO|$201,114|$0.006648|30,253,690|$202|4.05%|19.08%|6.90%|False|False
271|ReeCoin|REE|$200,909|$0.016245|12,367,704|Low Vol|-1.15%|-6.08%|-1.02%|False|False
272|Virtacoinplus|XVP|$198,843|$0.023057|8,624,121|$144|-0.23%|-3.51%|-14.62%|False|False
273|Tristar Coin|TSTR|$197,775|$0.039336|5,027,857|$858|0.06%|-13.59%|-7.22%|False|False
274|Crypto Bullion|CBX|$196,339|$0.197642|993,408|$2,270|0.07%|1.09%|30.38%|False|False
275|KoreCoin|KORE|$196,239|$0.107179|1,830,949|$1,713|-1.01%|16.89%|18.00%|True|False
276|TileCoin|XTC|$195,788|$0.001958|100,000,000|$14,638|4.43%|102.22%|93.83%|True|False
277|TheGCCcoin|GCC|$193,733|$0.032649|5,933,826|$6,665|-1.30%|-11.89%|-91.66%|True|False
278|Kobocoin|KOBO|$191,315|$0.007745|24,700,248|$799|0.15%|8.16%|5.62%|True|False
279|I0Coin|I0C|$186,934|$0.008914|20,970,448|$748|-0.29%|1.48%|16.30%|False|False
280|PostCoin|POST|$186,042|$0.011862|15,684,249|$2,910|0.10%|1.56%|0.85%|True|False
281|MojoCoin|MOJO|$183,826|$0.015273|12,035,879|$6,521|-0.27%|-2.17%|66.37%|True|False
282|Rimbit|RBT|$177,002|$0.001532|115,499,623|$1,157|0.38%|6.20%|19.62%|True|False
283|KushCoin|KUSH|$171,483|$0.031951|5,367,030|$2,405|-0.56%|-12.21%|145.78%|False|False
284|8Bit|8BIT|$170,817|$0.239925|711,961|$15,687|0.41%|-12.15%|155.98%|True|False
285|Mediterranean...|MED|$167,061|$0.003399|49,144,118|$1,420|0.70%|-4.88%|-19.19%|False|False
286|Francs|FRN|$166,098|$0.096901|1,714,100|$17,610|2.08%|44.69%|1689.56%|False|False
287|Truckcoin|TRK|$165,026|$0.001437|114,836,513|$18,605|0.46%|50.66%|66.51%|True|False
288|Jewels|JWL|$164,857|$0.008183|20,145,732|$4,121|0.55%|11.13%|1.18%|True|False
289|ChainCoin|CHC|$162,979|$0.017221|9,463,967|$3,147|-0.03%|90.63%|678.72%|False|False
290|Cannacoin|CCN|$162,900|$0.034686|4,696,434|$3,303|0.22%|6.83%|12.70%|False|False
291|SmartCoin|SMC|$162,667|$0.007163|22,709,247|$947|0.02%|3.83%|15.82%|False|False
292|MaxCoin|MAX|$161,201|$0.002961|54,442,678|$871|1.52%|-4.38%|49.15%|False|False
293|Sterlingcoin|SLG|$159,910|$0.041202|3,881,156|$4,275|1.16%|21.05%|51.82%|False|False
294|Bytecent|BYC|$157,316|$0.101295|1,553,057|$1,683|0.22%|9.63%|42.56%|False|False
295|Tickets|TIX|$151,327|$0.000002|66,876,281,414|$162|0.89%|5.10%|-10.27%|False|False
296|PureVidz|VIDZ|$144,762|$0.001157|125,123,128|$5,654|-0.17%|-1.82%|-1.62%|True|False
297|SwagBucks|BUCKS|$140,807|$0.761330|184,948|$435|0.23%|6.13%|-12.73%|False|False
298|BTSR|BTSR|$140,241|$0.042238|3,320,297|Low Vol|0.57%|12.15%|8.12%|True|False
299|Rubies|RBIES|$140,195|$0.013548|10,348,245|$856|-0.14%|-9.51%|2.85%|True|False
300|Deutsche eMark|DEM|$138,981|$0.005001|27,793,416|$3,016|0.53%|3.95%|10.56%|False|False
301|GameUnits|UNITS|$138,291|$0.040690|3,398,625|$285|3.13%|8.56%|14.48%|True|False
302|NuBits|USNBT|$132,905|$0.980101|135,603|$722|0.04%|0.54%|-0.23%|True|False
303|Influxcoin|INFX|$132,564|$0.079219|1,673,383|$75,640|-0.63%|-8.35%|157.78%|False|False
304|Bitland|CADASTRAL|$129,438|$0.004315|30,000,000|$362|0.43%|-15.17%|21.18%|True|False
305|DT Token|DRACO|$129,185|$0.001453|88,888,888|$3,407|0.37%|-4.03%|13.39%|True|False
306|Moin|MOIN|$129,042|$0.018795|6,865,640|$2,009|0.76%|-3.78%|7.68%|True|False
307|Allion|ALL|$122,997|$0.019840|6,199,359|$2,912|3.19%|20.48%|144.96%|False|False
308|Memetic|MEME|$121,233|$0.009960|12,172,397|$4,535|1.41%|33.79%|66.10%|False|False
309|MTMGaming|MTM|$120,943|$0.040755|2,967,560|$892|1.51%|15.65%|52.72%|True|False
310|BlueCoin|BLU|$117,275|$0.000204|574,683,675|Low Vol|1.15%|-4.49%|10.97%|False|False
311|PipCoin|PIP|$112,350|$0.017092|6,573,177|$235|0.18%|4.58%|?|False|False
312|Coin(O)|CNO|$111,799|$0.001091|102,464,547|$122|0.19%|2.32%|3.47%|False|False
313|LiteDoge|LDOGE|$111,050|$0.000008|13,697,596,139|Low Vol|-0.25%|135.75%|142.21%|True|False
314|GoldBlocks|GB|$110,066|$0.007542|14,594,223|$1,006|0.75%|-7.79%|-30.87%|False|False
315|Karbowanec|KRB|$108,986|$0.034770|3,134,471|$3,482|0.41%|0.95%|-6.20%|False|False
316|bitUSD|BITUSD|$107,615|$0.995928|108,055|$48,185|0.03%|0.28%|-0.11%|True|False
317|Zdash|ZDASH|$105,625|$0.107256|984,800|$2,775|-1.00%|-4.40%|1.11%|False|False
318|Wexcoin|WEX|$93,168|$0.658681|141,446|$2,088|-0.35%|-0.48%|-6.71%|True|False
319|Espers|ESP|$92,179|$0.000005|19,944,779,306|$192|0.40%|16.63%|24.33%|False|False
320|HOdlcoin|HODL|$91,208|$0.001764|51,699,735|Low Vol|-1.02%|4.44%|23.91%|False|False
321|Pakcoin|PAK|$87,965|$0.002541|34,619,850|$254|0.28%|-5.37%|-11.76%|False|False
322|Bitz|BITZ|$86,672|$0.043534|1,990,891|$434|-1.06%|?|50.68%|False|False
323|Zero|ZER|$86,265|$0.213394|404,253|$1,656|2.42%|24.03%|26.83%|False|False
324|UnbreakableCoin|UNB|$86,132|$0.037808|2,278,150|$12,441|-0.98%|12.53%|68.39%|False|False
325|1337|1337|$83,360|$0.000004|21,004,462,062|Low Vol|-1.16%|3.34%|-61.34%|True|False
326|NetCoin|NET|$82,462|$0.000105|787,126,712|Low Vol|-0.86%|-0.76%|5.54%|False|False
327|Hexx|HXX|$78,927|$0.063440|1,244,130|$3,397|-0.77%|-0.72%|4.72%|True|False
328|GAIA|GAIA|$77,558|$0.003218|24,101,381|$1,894|0.02%|-0.09%|100.10%|True|False
329|Sexcoin|SXC|$77,195|$0.000635|121,615,298|$714|-0.07%|8.77%|7.42%|False|False
330|Triangles|TRI|$75,181|$1.03|72,891|$15,812|1.31%|24.90%|259.99%|False|False
331|Elementrem|ELE|$72,340|$0.003268|22,136,685|$419|3.19%|-12.32%|302.99%|False|False
332|Unitus|UIS|$72,127|$0.001615|44,657,685|$1,528|-0.77%|1.18%|9.60%|False|False
333|ICOBID|ICOB|$71,280|$0.000691|103,174,375|$56,141|-0.70%|105.56%|256.88%|True|False
334|BitBar|BTB|$70,425|$2.36|29,787|$2,299|-0.22%|20.11%|41.91%|False|False
335|Piggycoin|PIGGY|$70,130|$0.000145|483,013,125|$174|-0.29%|-3.54%|7.56%|False|False
336|PayCoin|XPY|$68,855|$0.005894|11,681,884|$317|0.08%|2.19%|25.13%|False|True
337|Trollcoin|TROLL|$68,789|$0.000125|550,913,991|$137|-2.97%|-25.68%|-8.03%|False|False
338|Fastcoin|FST|$67,870|$0.000535|126,764,507|$296|0.48%|13.80%|80.59%|False|False
339|GoldPieces|GP|$66,386|$0.054407|1,220,161|$711|-0.38%|-7.12%|40.19%|True|False
340|Impact|IMX|$63,403|$0.000580|109,266,209|$1,046|-0.18%|-29.40%|92.37%|False|False
341|Machinecoin|MAC|$62,603|$0.003264|19,179,550|$1,458|-0.11%|-0.38%|21.27%|False|False
342|42-coin|42|$60,272|$1435.05|41.999999|$3,181|2.02%|21.21%|145.63%|False|False
343|Cryptojacks|CJ|$57,366|$0.000141|406,568,581|$320|0.08%|18.54%|-1.54%|False|False
344|bitBTC|BITBTC|$55,774|$1345.45|41.4537|$814|0.12%|-6.90%|-1.75%|True|False
345|Kurrent|KURT|$55,497|$0.005595|9,919,485|$3,292|2.33%|4.12%|35.90%|False|False
346|QuazarCoin|QCN|$55,461|$0.010078|5,502,928|$133|-0.91%|4.52%|2.13%|False|False
347|Zoin|ZOI|$54,809|$0.006443|8,506,743|$1,547|5.24%|104.00%|103.61%|False|False
348|TEKcoin|TEK|$53,304|$0.000038|1,386,649,111|$242|-2.46%|-17.00%|13.79%|False|False
349|RevolverCoin|XRE|$52,193|$0.002423|21,543,801|$136|0.59%|0.32%|56.61%|False|False
350|Eryllium|ERY|$51,919|$0.013541|3,834,159|$4,485|0.69%|21.03%|52.71%|False|False
351|bitSilver|BITSILVER|$51,670|$24.16|2,139|$180|0.40%|-3.93%|16.95%|True|False
352|MiloCoin|MILO|$49,883|$0.005685|8,774,966|$1,808|-0.02%|2.91%|66.35%|False|False
353|AmsterdamCoin|AMS|$48,656|$0.005066|9,603,707|Low Vol|0.16%|1.79%|-19.74%|False|False
354|AurumCoin|AU|$48,428|$0.163704|295,823|$501|0.08%|0.97%|-3.00%|False|False
355|Freicoin|FRC|$48,223|$0.001743|27,665,756|$1,104|0.29%|0.00%|28.74%|False|False
356|Cannabis Indu...|XCI|$45,559|$0.046883|971,763|$2,708|0.85%|-16.17%|28.87%|False|False
357|Zayedcoin|ZYD|$45,472|$0.007283|6,243,840|Low Vol|-0.10%|-4.62%|7.17%|False|False
358|Bottlecaps|CAP|$45,374|$0.000364|124,529,672|Low Vol|-0.21%|-1.33%|-11.40%|False|False
359|Netko|NETKO|$45,296|$0.040289|1,124,261|$1,288|0.57%|-6.67%|137.21%|False|False
360|Ratecoin|XRA|$44,218|$0.000427|103,602,871|$781|-0.23%|-4.00%|58.01%|True|False
361|BERNcash|BERN|$43,805|$0.000622|70,457,875|$2,101|0.54%|5.37%|8.25%|False|False
362|GCoin|GCN|$43,767|$4.9e-07|88,621,910,000|$175|0.34%|1.35%|32.68%|False|False
363|Pascal Lite|PASL|$42,576|$0.031844|1,337,035|$2,862|0.09%|1.62%|-29.86%|False|False
364|DigitalPrice|DP|$41,924|$0.002015|20,803,996|$474|0.47%|-5.43%|863.57%|False|False
365|Debitcoin|DBTC|$41,921|$0.002329|17,996,317|Low Vol|-1.93%|63.92%|76.97%|False|False
366|BTCDragon|DRAGON|$40,866|$0.088576|461,370|Low Vol|0.72%|-14.89%|15.64%|True|False
367|CCMiner|CCM100|$40,749|$0.018682|2,181,161|$325|1.27%|12.00%|29.39%|True|False
368|Titcoin|TIT|$39,074|$0.000783|49,898,202|Low Vol|0.38%|-2.72%|24.82%|False|False
369|Sativacoin|STV|$38,732|$0.005475|7,074,593|$562|2.16%|-8.05%|9.11%|False|False
370|Blakecoin|BLC|$38,285|$0.003214|11,910,789|$643|0.01%|0.11%|1.37%|False|False
371|Tattoocoin|TATO|$36,893|$0.000498|74,149,469|$170|0.16%|16.73%|-28.29%|True|False
372|ChessCoin|CHESS|$36,764|$0.000700|52,512,057|$1,063|0.33%|24.01%|137.74%|True|False
373|Stress|STS|$36,592|$0.000065|565,134,332|$169|-1.49%|-2.33%|63.44%|False|False
374|Honey|HONEY|$35,762|$0.758572|47,144|$725|-1.21%|-38.50%|91.21%|False|False
375|LevoPlus|LVPS|$35,449|$0.142937|248,002|$1,153|0.41%|4.20%|-12.65%|False|False
376|DigiCube|CUBE|$32,570|$0.000014|2,310,910,228|$540|6.83%|27.94%|83.49%|True|False
377|BipCoin|BIP|$32,171|$0.024257|1,326,264|$370|2.93%|87.98%|93.19%|False|False
378|Solarflarecoin|SFC|$31,615|$0.003449|9,167,000|$5,004|-0.54%|4.41%|23.29%|False|False
379|Emerald Crypto|EMD|$30,888|$0.001620|19,066,550|$601|-2.61%|29.54%|140.84%|False|False
380|Philosopher S...|PHS|$30,462|$0.012540|2,429,219|$464|0.43%|12.65%|90.92%|True|False
381|Gapcoin|GAP|$30,443|$0.002879|10,575,779|$2,675|0.20%|-1.48%|11.90%|False|False
382|Argentum|ARG|$29,615|$0.004041|7,328,862|Low Vol|1.05%|14.14%|-6.53%|False|False
383|HoboNickels|HBN|$28,638|$0.000751|38,130,858|$486|-0.06%|9.28%|68.07%|False|False
384|CrevaCoin|CREVA|$27,408|$0.000753|36,390,750|$2,367|-0.07%|-8.36%|6.65%|False|False
385|Bitcurrency|BTCR|$27,358|$0.000169|162,185,417|Low Vol|2.25%|-34.42%|-21.78%|True|False
386|GlobalBoost-Y|BSTY|$26,464|$0.002322|11,398,430|$777|-0.04%|1.52%|43.35%|False|False
387|Yacoin|YAC|$25,743|$0.000224|114,915,847|Low Vol|0.06%|0.23%|19.03%|False|False
388|bitEUR|BITEUR|$25,277|$1.10|22,997|$2,527|0.14%|0.70%|3.66%|True|False
389|CryptoWorldX ...|CWXT|$25,002|$0.000471|53,112,600|$7,187|0.05%|9.14%|6.36%|True|False
390|808Coin|808|$24,246|$0.000264|91,870,766|Low Vol|0.07%|15.03%|11.49%|False|False
391|Universal Cur...|UNIT|$23,997|$0.001839|13,046,431|$6,066|0.06%|4.05%|137.68%|False|False
392|C-Bit|XCT|$23,573|$0.000190|123,973,526|$665|8.87%|163.25%|304.10%|False|False
393|Prime-XI|PXI|$23,529|$0.001674|14,056,461|$162|-0.02%|2.43%|-16.19%|False|False
394|Universe|UNI|$22,933|$0.017377|1,319,770|$4,677|0.83%|1.20%|-21.97%|True|False
395|PonziCoin|PONZI|$20,153|$0.023404|861,099|Low Vol|-0.36%|3.71%|32.69%|False|False
396|Eternity|ENT|$20,131|$0.008087|2,489,313|$215|0.63%|0.77%|5.37%|False|False
397|bitGold|BITGOLD|$19,294|$1686.29|11.4418|Low Vol|2.15%|13.23%|17.82%|True|False
398|Bitcloud|BTD|$19,203|$0.001738|11,049,755|$2,394|0.35%|48.14%|?|False|False
399|Nyancoin|NYAN|$18,836|$0.000063|297,891,209|Low Vol|0.65%|2.81%|-31.91%|False|False
400|HyperStake|HYP|$18,195|$0.000047|385,796,097|Low Vol|0.06%|-2.06%|29.06%|True|False
401|AnarchistsPrime|ACP|$17,836|$0.004058|4,394,874|Low Vol|-5.53%|209.74%|204.53%|False|False
402|HempCoin|HMP|$17,776|$0.000013|1,356,528,765|$407|7.47%|11.70%|-44.11%|False|False
403|Magnum|MGM|$17,699|$0.005011|3,532,016|$763|0.06%|-49.95%|-67.59%|False|False
404|Spots|SPT|$17,444|$0.000779|22,406,021|$109|-1.36%|32.37%|190.25%|False|False
405|CryptoEscudo|CESC|$17,439|$0.000121|144,105,100|$162|-0.13%|-23.49%|7.28%|False|True
406|SpaceCoin|SPACE|$17,240|$0.001010|17,072,723|Low Vol|1.22%|-12.27%|-15.02%|False|False
407|GPU Coin|GPU|$16,568|$0.000409|40,477,042|Low Vol|0.01%|1.06%|-9.55%|False|False
408|KiloCoin|KLC|$16,568|$0.000084|196,297,971|$386|0.30%|-5.61%|-28.25%|False|False
409|LanaCoin|LANA|$16,428|$0.000023|716,477,196|$593|-3.64%|93.30%|91.94%|False|False
410|Bikercoin|BIC|$16,342|$0.001926|8,482,732|$5,670|0.42%|-0.21%|93.63%|False|False
411|Joulecoin|XJO|$15,756|$0.000500|31,518,979|Low Vol|0.38%|7.75%|22.59%|False|False
412|OctoCoin|888|$15,318|$0.000328|46,735,420|Low Vol|0.69%|-5.24%|26.06%|False|False
413|GuccioneCoin|GCC|$14,901|$0.000735|20,285,537|Low Vol|0.54%|15.88%|-4.05%|True|False
414|NevaCoin|NEVA|$14,826|$0.009156|1,619,328|$687|-1.16%|-9.18%|-28.14%|False|False
415|Independent M...|IMS|$14,460|$0.002693|5,368,934|$398|2.29%|-5.39%|26.12%|False|False
416|Solaris|XLR|$14,310|$0.220681|64,846|$2,230|-4.96%|134.37%|94.40%|False|False
417|Evotion|EVO|$13,530|$0.005479|2,469,220|$871|0.18%|-5.63%|-7.23%|False|False
418|Bitzeny|ZNY|$13,373|$0.000177|75,614,500|Low Vol|0.06%|-20.43%|150.58%|False|False
419|GameBet Coin|GBT|$12,900|$0.000608|21,228,315|Low Vol|-2.70%|43.90%|?|True|False
420|Chronos|CRX|$12,809|$0.000174|73,610,673|$150|0.94%|14.02%|35.71%|False|False
421|BeaverCoin|BVC|$12,728|$0.004097|3,106,870|$339|0.02%|-0.51%|13.55%|False|False
422|VirtualCoin|VC|$12,593|$0.016042|785,022|Low Vol|0.75%|-43.54%|-29.97%|False|False
423|Jin Coin|JIN|$12,486|$0.001268|9,848,485|$102|0.94%|8.56%|-5.36%|False|False
424|SongCoin|SONG|$11,942|$0.000367|32,565,300|$147|-1.93%|13.41%|4.25%|False|False
425|Beatcoin|XBTS|$11,868|$0.007784|1,524,686|$1,290|0.30%|7.09%|31.78%|False|False
426|HealthyWormCoin|WORM|$12,989|$0.013781|942,495|Low Vol|-4.78%|47.41%|127.11%|False|False
427|ParallelCoin|DUO|$11,381|$0.039611|287,329|$369|0.22%|11.87%|43.41%|False|False
428|Sling|SLING|$11,268|$0.010491|1,074,095|Low Vol|1.21%|28.94%|-9.25%|True|False
429|Luna Coin|LUNA|$10,896|$0.009847|1,106,575|Low Vol|-0.12%|-0.87%|-21.65%|False|False
430|LiteBar|LTB|$10,789|$0.061047|176,737|$2,297|-0.19%|0.21%|49.60%|False|False
431|B3Coin|B3|$10,563|$0.036290|291,065|$121|-0.23%|-10.22%|-5.02%|False|False
432|Firecoin|FIRE|$10,443|$0.106115|98,412|Low Vol|0.06%|-0.19%|?|True|False
433|AquariusCoin|ARCO|$10,267|$0.008876|1,156,682|$806|0.02%|-7.64%|15.60%|True|False
434|Iconic|ICON|$10,137|$0.017097|592,894|$147|0.05%|-8.91%|-25.32%|True|False
435|Abncoin|ABN|$10,067|$0.148702|67,700|Low Vol|0.66%|-30.07%|-14.19%|False|False
436|Crypto|CTO|$10,042|$0.001075|9,338,728|$188|-0.11%|33.94%|58.33%|False|False
437|MustangCoin|MST|$9,051|$0.014428|627,304|$3,707|0.17%|2.14%|-2.48%|False|False
438|Guncoin|GUN|$9,020|$0.000051|177,693,454|Low Vol|0.71%|6.88%|42.19%|False|False
439|Marijuanacoin|MAR|$8,764|$0.016768|522,690|$1,973|0.55%|2.08%|1.30%|False|False
440|Acoin|ACOIN|$8,245|$0.006757|1,220,085|$2,707|-0.06%|-2.42%|-1.05%|False|False
441|Eurocoin|EUC|$8,162|$0.000705|11,570,750|$198|4.09%|14.58%|41.39%|False|False
442|Dobbscoin|BOB|$8,096|$0.001600|5,060,382|Low Vol|0.23%|-16.50%|92.18%|False|False
443|Future Digita...|FDC|$7,937|$0.003756|2,113,013|$351|-0.90%|-36.31%|-59.53%|False|False
444|TajCoin|TAJ|$7,771|$0.001565|4,966,556|Low Vol|0.03%|-1.49%|11.00%|False|False
445|LetItRide|LIR|$7,431|$0.000212|35,012,530|$102|0.06%|31.63%|63.81%|True|False
446|Comet|CMT|$7,412|$0.008492|872,830|Low Vol|0.06%|34.97%|26.78%|False|False
447|PayCon|CON|$7,353|$0.000319|23,042,604|$1,728|-0.24%|-5.40%|8.50%|True|False
448|VIP Tokens|VIP|$7,059|$0.000085|83,450,403|Low Vol|0.06%|32.51%|19.84%|True|False
449|Scorecoin|SCORE|$6,993|$0.000486|14,398,136|$285|2.25%|24.56%|130.90%|False|False
450|Franko|FRK|$6,826|$0.010717|636,950|Low Vol|0.06%|18.54%|35.82%|False|False
451|FuzzBalls|FUZZ|$6,641|$0.001375|4,829,755|$354|0.03%|-5.42%|60.12%|False|False
452|PIECoin|PIE|$6,457|$0.000090|71,633,253|Low Vol|1.52%|3.38%|15.66%|True|False
453|Cabbage|CAB|$6,422|$0.000612|10,499,996|Low Vol|1.50%|37.21%|0.76%|True|False
454|LeaCoin|LEA|$5,968|$0.000026|231,448,800|Low Vol|0.04%|6.94%|9.59%|False|False
455|DAPPSTER|DLISK|$5,895|$0.000059|100,000,000|Low Vol|0.06%|0.51%|-1.55%|True|False
456|Litecred|LTCR|$5,728|$0.000190|30,227,750|$108|-4.43%|157.08%|302.47%|False|False
457|Money|$$$|$5,657|$0.000123|45,887,218|Low Vol|-3.03%|123.61%|109.59%|False|False
458|BitQuark|BTQ|$5,194|$0.000726|7,155,671|Low Vol|-0.22%|6.09%|-38.83%|False|False
459|JIO Token|JIO|$5,179|$0.002714|1,908,128|$176|2.78%|-21.49%|-78.25%|True|False
460|Pulse|PULSE|$5,160|$0.000361|14,298,972|Low Vol|-1.01%|4.33%|-12.89%|False|False
461|BioBar|BIOB|$4,656|$0.005744|810,567|$159|0.13%|6.93%|21.57%|True|False
462|EGO|EGO|$4,191|$0.000070|60,000,001|Low Vol|-1.21%|14.42%|48.34%|True|False
463|Elysium|ELS|$4,150|$0.001036|4,005,012|$3,102|6.64%|45.81%|46.71%|False|False
464|JobsCoin|JOBS|$3,941|$0.000037|106,019,270|Low Vol|-2.51%|-4.03%|5.32%|False|False
465|Printerium|PRX|$3,792|$0.000418|9,074,428|Low Vol|-0.87%|15.04%|6.13%|False|False
466|DPAY|DPAY|$3,751|$0.000047|79,541,001|Low Vol|0.06%|-9.07%|-0.97%|False|False
467|Rawcoin|XRC|$3,301|$0.004683|704,882|Low Vol|-0.25%|-4.21%|-22.70%|False|False
468|PosEx|PEX|$3,139|$0.001290|2,432,962|Low Vol|-0.39%|-24.15%|-5.06%|False|False
469|Californium|CF|$2,588|$0.023291|111,110|Low Vol|0.06%|1.51%|-26.43%|False|False
470|SydPak|SDP|$2,191|$0.013846|158,226|Low Vol|-3.57%|16.63%|12.94%|True|False
471|AllSafe|ASAFE|$2,007|$0.000003|710,000,000|$105|-5.23%|-65.13%|76.96%|True|False
472|BenjiRolls|BENJI|$1,906|$0.000106|18,004,320|$287|-0.17%|8.65%|72.58%|False|False
473|Antilitecoin|ALTC|$1,858|$0.000059|31,512,613|Low Vol|0.06%|0.51%|0.23%|False|False
474|Argus|ARGUS|$1,365|$0.001188|1,148,324|$362|0.22%|-21.64%|-4.19%|False|False
475|Xenixcoin|XEN|$1,023|$0.101340|10,100|$129|-0.13%|-10.00%|-33.57%|False|False
476|Mbitbooks|MBIT|$922|$0.024177|38,120|$438|0.07%|-22.40%|0.52%|True|False
477|Dollar Online|DOLLAR|$781|$0.008832|88,379|Low Vol|0.97%|9.98%|-20.89%|False|False
478|Enigma|XNG|$421|$0.025310|16,627|Low Vol|3.39%|-21.69%|-23.10%|False|False
479|Cashout|CSH|$73|$0.000012|6,179,600|Low Vol|0.06%|-49.74%|-73.90%|False|False
480|World Gold Coin|WGC|$37|$0.000012|3,102,200|Low Vol|0.06%|0.51%|0.23%|False|False
481|Dix Asset|DIX|$3|$0.000230|15,000|$215,661|0.30%|?|-99.72%|True|False
482|Soarcoin|SOAR|?|$0.011930|?|Low Vol|-1.40%|-6.00%|11.20%|True|False
483|VPNCoin|VPN|$3,168,431|$0.007914|400,339,746|Low Vol|0.15%|-0.75%|-0.60%|True|False
484|Colossuscoin V2|CV2|$268,826|$0.000012|22,015,971,188|Low Vol|-0.42%|85.26%|-64.96%|True|False
485|E-Currency Coin|ECC|$245,592|$0.000011|21,579,469,728|Low Vol|0.52%|4.89%|10.92%|False|False
486|Shorty|SHORTY|$142,978|$0.001430|100,000,000|Low Vol|0.00%|?|-1.24%|True|False
487|HitCoin|HTC|$129,362|$0.000012|10,996,318,099|Low Vol|0.07%|0.08%|0.02%|False|True
488|Flycoin|FLY|$107,853|$0.511623|210,806|Low Vol|-4.01%|-2.14%|28.97%|True|False
489|LottoCoin|LOT|$96,856|$0.000007|14,491,014,421|Low Vol|-0.04%|32.60%|16.00%|False|False
490|IncaKoin|NKA|$85,270|$0.000012|7,231,899,299|Low Vol|0.06%|0.51%|0.30%|False|False
491|MarteXcoin|MXT|$73,166|$0.026819|2,728,161|Low Vol|0.20%|-0.89%|-16.01%|False|False
492|GlobalCoin|GLC|$68,549|$0.001052|65,171,010|Low Vol|-2.52%|-12.43%|100.83%|False|False
493|The Cypherfunks|FUNK|$67,028|$0.000002|43,726,810,625|Low Vol|0.54%|5.85%|6.28%|False|False
494|RedCoin|RED|$66,405|$0.000896|74,107,896|Low Vol|0.22%|-7.96%|-2.64%|False|False
495|Artex Coin|ATX|$58,823|$0.003162|18,602,569|Low Vol|0.36%|-3.81%|-4.79%|False|False
496|KarmaToken|KTN|$54,998|$0.008242|6,673,000|Low Vol|0.06%|0.60%|0.25%|True|False
497|NoLimitCoin|NLC2|$54,819|$0.000274|200,425,194|Low Vol|1.52%|4.51%|-21.06%|True|False
498|BillaryCoin|BLRY|$47,626|$0.005303|8,981,268|Low Vol|0.78%|9.19%|-12.47%|False|False
499|AmberCoin|AMBER|$41,664|$0.000955|43,639,860|Low Vol|0.03%|23.31%|29.61%|False|True
500|PetroDollar|XPD|$40,342|$0.000630|63,993,275|Low Vol|0.05%|-14.09%|30.07%|False|False
501|Xiaomicoin|MI|$38,378|$0.000094|406,141,855|Low Vol|0.04%|15.08%|14.90%|True|False
502|UFO Coin|UFO|$38,101|$0.000012|3,231,538,519|Low Vol|0.06%|0.52%|0.22%|False|False
503|Anoncoin|ANC|$37,230|$0.017642|2,110,317|Low Vol|-1.97%|-28.01%|-3.86%|False|False
504|Granite|GRN|$36,206|$0.001105|32,774,450|Low Vol|0.75%|-2.03%|19.01%|False|False
505|CorgiCoin|CORG|$36,101|$0.000039|932,361,655|Low Vol|-2.41%|-17.47%|53.19%|False|False
506|TittieCoin|TTC|$34,225|$0.000027|1,259,816,434|Low Vol|0.56%|-20.89%|16.19%|False|False
507|FlutterCoin|FLT|$34,094|$0.000106|322,214,524|Low Vol|0.11%|9.21%|28.49%|False|False
508|Prototanium|PR|$32,005|$0.165072|193,883|Low Vol|0.06%|52.68%|93.69%|False|False
509|FujiCoin|FJC|$28,845|$0.000032|905,594,095|Low Vol|-2.25%|23.57%|-1.98%|False|False
510|Lex4All|LEX|$26,483|$0.031282|846,596|Low Vol|1.17%|14.22%|64.63%|True|False
511|Neutron|NTRN|$25,948|$0.002057|12,617,684|Low Vol|0.54%|22.38%|105.31%|True|False
512|Dollarcoin|DLC|$25,304|$0.002779|9,106,714|Low Vol|-1.66%|27.34%|25.56%|False|False
513|UCoin|U|$25,194|$0.009367|2,689,812|Low Vol|0.06%|0.23%|-0.22%|True|False
514|Sprouts|SPRTS|$24,283|$2.3e-07|107,252,307,056|Low Vol|0.07%|6.48%|1.86%|True|False
515|Newbium|NEWB|$22,638|$0.000943|24,000,000|Low Vol|0.06%|117.48%|-7.83%|True|False
516|UniCoin|UNIC|$20,826|$0.007230|2,880,521|Low Vol|0.86%|-11.47%|-39.15%|False|False
517|Tigercoin|TGC|$19,271|$0.000443|43,536,800|Low Vol|0.72%|21.99%|13.75%|False|False
518|BunnyCoin|BUN|$17,452|$1.7e-07|101,095,864,076|Low Vol|0.85%|7.74%|1.21%|False|False
519|WMCoin|WMC|$15,631|$0.001356|11,527,489|Low Vol|0.06%|1.03%|32.49%|True|False
520|BiosCrypto|BIOS|$15,388|$0.000743|20,715,596|Low Vol|0.06%|0.94%|-2.99%|True|False
521|PX|PX|$15,220|$0.000212|71,712,499|Low Vol|0.06%|-5.31%|157.74%|False|False
522|PlatinumBAR|XPTX|$14,830|$0.100936|146,921|Low Vol|-0.35%|0.53%|-22.09%|False|False
523|AntiBitcoin|ANTI|$14,415|$0.000825|17,465,159|Low Vol|0.06%|0.39%|-40.53%|False|False
524|CoExistCoin|COXST|$14,399|$0.000531|27,138,905|Low Vol|0.10%|23.06%|29.12%|False|False
525|Steps|STEPS|$13,716|$0.000736|18,625,017|Low Vol|-0.11%|3.38%|38.92%|True|False
526|FlavorCoin|FLVR|$13,451|$0.000648|20,744,207|Low Vol|0.06%|17.99%|-46.95%|True|False
527|Grantcoin|GRT|$12,082|$0.000295|40,986,292|Low Vol|0.06%|0.51%|-3.62%|True|False
528|iCash|ICASH|$10,684|$0.000049|216,762,120|Low Vol|0.07%|-0.96%|-3.01%|False|False
529|Uro|URO|$10,610|$0.008788|1,207,310|Low Vol|-0.28%|-0.50%|?|False|False
530|Orlycoin|ORLY|$10,231|$0.000279|36,646,779|Low Vol|-0.73%|18.99%|13.01%|False|False
531|Aricoin|ARI|$9,922|$0.000071|140,262,505|Low Vol|0.06%|23.00%|200.48%|False|False
532|SecretCoin|SCRT|$9,864|$0.002333|4,227,471|Low Vol|0.03%|?|?|True|False
533|BumbaCoin|BUMBA|$9,514|$0.000436|21,799,879|Low Vol|0.10%|-2.86%|0.27%|False|False
534|Bolivarcoin|BOLI|$9,225|$0.001535|6,009,892|Low Vol|-0.52%|-9.50%|-20.40%|False|False
535|ARbit|ARB|$9,179|$0.001496|6,134,035|Low Vol|0.05%|-6.07%|3.83%|False|False
536|PopularCoin|POP|$9,071|$0.000003|3,327,030,065|Low Vol|-0.69%|-3.88%|0.79%|False|False
537|High Voltage|HVCO|$8,774|$0.005872|1,494,171|Low Vol|0.06%|9.67%|28.12%|True|False
538|Evil Coin|EVIL|$8,204|$0.000390|21,018,116|Low Vol|-0.42%|-5.04%|3.55%|False|False
539|Destiny|DES|$7,680|$0.004800|1,600,000|Low Vol|0.08%|0.61%|-25.82%|False|False
540|Zurcoin|ZUR|$7,326|$0.000095|76,737,002|Low Vol|0.06%|1.73%|-9.83%|False|False
541|HamRadioCoin|HAM|$7,163|$0.001450|4,939,211|Low Vol|0.06%|-2.85%|99.23%|False|True
542|MindCoin|MND|$7,101|$0.000566|12,546,625|Low Vol|0.06%|3.40%|6.91%|False|False
543|Unrealcoin|URC|$6,450|$0.000918|7,024,402|Low Vol|0.06%|0.36%|5.99%|False|False
544|Creatio|XCRE|$6,371|$0.000312|20,397,090|Low Vol|3.65%|16.94%|-1.66%|True|False
545|PLNcoin|PLNC|$5,843|$0.000342|17,089,600|Low Vol|0.06%|-19.89%|-3.12%|False|True
546|G3N|G3N|$5,836|$0.000772|7,561,891|Low Vol|-0.67%|-1.66%|-69.44%|False|False
547|WARP|WARP|$5,822|$0.005316|1,095,224|Low Vol|0.03%|0.47%|33.99%|True|False
548|Alexium|AUM|$5,744|$0.000283|20,297,336|Low Vol|0.06%|?|?|True|False
549|Guarany|GUA|$5,601|$0.015699|356,748|Low Vol|-2.82%|1.62%|46.01%|False|False
550|Ride My Car|RIDE|$4,935|$0.000049|100,976,846|Low Vol|-0.64%|-16.08%|-35.40%|True|False
551|RonPaulCoin|RPC|$4,780|$0.006326|755,573|Low Vol|-0.83%|2.69%|-18.33%|False|False
552|Bitcoin 21|XBTC21|$4,638|$0.005848|793,108|Low Vol|0.06%|?|36.13%|True|False
553|Xonecoin|XOC|$4,338|$0.010329|420,000|Low Vol|0.06%|?|3.30%|True|False
554|NewYorkCoin|NYC|$4,214|$7.1e-08|59,719,935,819|Low Vol|-0.17%|8.79%|2.25%|False|False
555|Metal Music Coin|MTLMC3|$4,125|$0.000052|79,719,140|Low Vol|-8.04%|21.09%|46.63%|False|False
556|Photon|PHO|$3,778|$4.3e-07|8,762,016,619|Low Vol|-0.04%|2.66%|-11.68%|False|False
557|Blackstar|BSTAR|$3,703|$0.000012|315,193,725|Low Vol|0.08%|0.16%|-0.12%|True|False
558|BlazeCoin|BLZ|$3,577|$0.000006|608,557,394|Low Vol|0.27%|7.59%|?|False|False
559|BowsCoin|BSC|$3,143|$0.000566|5,550,102|Low Vol|0.13%|0.59%|-9.16%|False|False
560|Kittehcoin|MEOW|$3,022|$1.3e-07|23,905,669,976|Low Vol|-1.34%|6.70%|8.45%|False|False
561|iBank|IBANK|$2,989|$0.000660|4,526,324|Low Vol|0.06%|37.29%|?|False|False
562|Revenu|REV|$2,604|$0.002178|1,195,525|Low Vol|0.20%|65.78%|?|False|False
563|Flaxscript|FLAX|$2,529|$0.000463|5,457,164|Low Vol|2.40%|23.76%|37.21%|False|False
564|Zonecoin|ZNE|$2,435|$0.000943|2,581,970|Low Vol|0.06%|3.09%|17.92%|False|False
565|ImpulseCoin|IMPS|$2,148|$0.000106|20,245,510|Low Vol|0.06%|-9.40%|11.55%|False|False
566|GeertCoin|GEERT|$2,139|$0.000607|3,521,718|Low Vol|-0.42%|-4.83%|226.02%|False|False
567|Shilling|SH|$1,901|$0.000713|2,668,011|Low Vol|3.96%|191.72%|90.77%|True|False
568|VapersCoin|VPRC|$1,601|$0.000002|780,117,464|Low Vol|-0.04%|-42.08%|?|False|False
569|Impeachcoin|IMPCH|$1,294|$0.004198|308,179|Low Vol|0.06%|-46.78%|472.69%|True|False
570|Cashcoin|CASH|$1,267|$0.000035|35,831,128|Low Vol|0.06%|0.46%|-41.79%|False|False
571|P7Coin|P7C|$831|$0.000024|35,220,238|Low Vol|0.06%|0.51%|0.17%|False|False
572|Zcashshare|ZHS|$633|$0.000224|2,826,000|Low Vol|0.06%|1.03%|19.02%|False|False
573|Powercoin|PWR|$589|$0.000012|49,983,870|Low Vol|0.06%|0.51%|0.23%|False|False
574|CRTCoin|CRT|$187|$0.002358|79,270|Low Vol|0.06%|0.52%|0.22%|False|True
575|Doubloon|BOAT|$167|$0.000047|3,547,845|Low Vol|0.06%|0.51%|-23.04%|False|False
576|PizzaCoin|PIZZA|$162|$0.000118|1,377,917|Low Vol|0.02%|?|11.64%|False|False
577|Digital Credits|DGCS|$136|$0.000023|5,826,388|Low Vol|0.06%|?|53.56%|False|False
578|CaliphCoin|CALC|$53|$0.000606|87,140|Low Vol|-3.58%|-52.06%|-56.75%|False|False
579|MikeTheMug|MUG|$0|$1.1e-08|1,000,000|Low Vol|1.17%|14.66%|-100.00%|True|False
580|23 Skidoo|CHAO|?|$7878.00|?|$2,989|0.06%|0.49%|95.14%|False|False
581|Bitcoin Unlim...|BTU|?|$110.61|?|$5,493|0.06%|13.59%|6.28%|False|False
582|NxttyACCI|ACCI|?|$10.28|?|$504|0.18%|6.02%|16.61%|True|False
583|Fargocoin|FRGC|?|$6.51|?|$280,202|0.00%|-0.34%|-0.16%|False|False
584|Internet of P...|IOP|?|$4.00|?|$3,846|0.94%|4.23%|-1.47%|False|False
585|Pluton|PLU|?|$1.72|?|$24,669|1.23%|12.91%|27.97%|True|False
586|Zilbercoin|ZBC|?|$1.52|?|$42,411|-0.12%|-0.03%|-24.09%|True|False
587|TeslaCoilCoin|TESLA|?|$1.45|?|$274|3.75%|-13.10%|-22.34%|True|False
588|Yogold|YOG|?|$1.34|?|$1,703|0.00%|21.42%|-19.45%|True|False
589|DubaiCoin|DBIX|?|$1.20|?|$22,753|-0.08%|15.01%|17.93%|False|False
590|Pioneershares|PIO|?|$1.17|?|Low Vol|0.06%|0.40%|-1.09%|True|False
591|DIBCOIN|DIBC|?|$1.10|?|$824|1.80%|14.17%|4.46%|True|False
592|FirstCoin|FRST|?|$0.891498|?|$23,838|0.04%|-0.21%|2.36%|False|False
593|TaaS (Pre-Lau...|TAAS|?|$0.850000|?|Low Vol|0.00%|0.33%|3.19%|True|False
594|Bankcoin|B@|?|$0.605144|?|$1,086|1.06%|11.13%|-0.08%|True|False
595|TechShares|THS|?|$0.543461|?|$4,129|0.52%|-4.66%|-9.20%|True|False
596|DynamicCoin|DMC|?|$0.499626|?|$165,783|0.00%|-0.03%|0.04%|False|False
597|Decent (Pre-L...|DCT|?|$0.480388|?|$131|0.05%|-0.06%|-2.40%|True|False
598|LEOcoin|LEO|?|$0.471243|?|$321,161|0.01%|-1.17%|1.35%|False|True
599|XDE II|XDE2|?|$0.453174|?|Low Vol|0.01%|26.36%|-5.92%|True|False
600|Databits|DTB|?|$0.322811|?|$77,554|0.16%|15.75%|60.08%|True|False
601|ClubCoin|CLUB|?|$0.291456|?|$29,367|-0.08%|-0.67%|-2.66%|True|False
602|Bitgem|BTG|?|$0.237146|?|$2,687|0.10%|10.17%|31.93%|False|False
603|Pabyosi Coin ...|PCS|?|$0.162756|?|$2,810|-0.10%|3.03%|2.09%|False|False
604|EB3 Coin|EB3|?|$0.161972|?|$120,848|-1.03%|-20.10%|?|False|False
605|Wowecoin|WEC|?|$0.124953|?|$79,890|0.53%|-0.04%|0.83%|True|False
606|WA Space|WA|?|$0.118863|?|$33,825|0.11%|-1.12%|3.50%|False|False
607|AlpaCoin|APC|?|$0.116646|?|Low Vol|0.06%|0.53%|-16.95%|False|False
608|TROPTIONS|TROPTIONS|?|$0.104055|?|$499|0.72%|-3.86%|50.09%|True|False
609|Wings (Pre-La...|WINGS|?|$0.093714|?|$3,411|0.06%|-10.93%|50.45%|True|False
610|Mavro|MAVRO|?|$0.084412|?|$1,321|-6.08%|-59.89%|-87.20%|False|False
611|DeepWebCash|DWC|?|$0.083399|?|$1,025|0.06%|0.51%|41.22%|False|False
612|AxFunds|AXF|?|$0.076033|?|Low Vol|-0.01%|0.42%|-4.08%|False|False
613|Golos Gold|GBG|?|$0.073934|?|$14,839|0.04%|-7.54%|55.92%|True|False
614|Guppy (Pre-La...|GUP|?|$0.071570|?|$294|0.06%|-83.90%|?|True|False
615|InvisibleCoin|IVZ|?|$0.070757|?|Low Vol|0.06%|?|0.40%|True|False
616|BurstOcean|OCEAN|?|$0.061468|?|Low Vol|0.60%|11.76%|37.40%|True|False
617|ZSEcoin|ZSE|?|$0.041136|?|Low Vol|3.36%|-21.86%|-45.41%|False|False
618|Avoncoin|ACN|?|$0.035323|?|$4,848|0.63%|-4.78%|-1.72%|True|False
619|CryptoBuck|BUK|?|$0.035103|?|$4,767|0.47%|2.19%|26.40%|False|False
620|International...|XID|?|$0.033610|?|Low Vol|0.06%|0.04%|48.88%|False|False
621|Digitalfund|DTF|?|$0.033015|?|$10,788|0.27%|6.80%|50.49%|False|False
622|EDRCoin|EDRC|?|$0.028938|?|$872|-0.11%|-5.02%|-4.68%|True|False
623|Omicron|OMC|?|$0.028475|?|Low Vol|0.06%|-25.27%|?|True|False
624|Elacoin|ELC|?|$0.023375|?|$1,747|0.19%|2.82%|37.37%|False|False
625|LandCoin|LDCN|?|$0.020804|?|$413|0.06%|4.54%|8.80%|True|False
626|Mind Gene|MG|?|$0.018474|?|$6,364|0.33%|2.56%|-4.57%|False|False
627|President Joh...|GARY|?|$0.016748|?|$425|0.05%|72.66%|-16.92%|True|False
628|GBCGoldCoin|GBC|?|$0.011776|?|$136|0.20%|-0.24%|-15.79%|False|False
629|LeCoin|LEC|?|$0.011090|?|Low Vol|1.40%|12.88%|12.39%|True|False
630|KolschCoin|TP1|?|$0.008992|?|Low Vol|0.06%|3.76%|28.21%|False|False
631|GAYcoin|GAY|?|$0.008846|?|Low Vol|0.47%|2.60%|116.07%|False|False
632|First Bitcoin|BIT|?|$0.006760|?|$465|-0.89%|-11.28%|13.92%|False|False
633|Advanced Inte...|AIB|?|$0.006229|?|$177|0.04%|21.52%|405.91%|False|True
634|Lepaoquan|HLB|?|$0.006030|?|$13,034|0.35%|4.24%|0.61%|True|False
635|Opal|OPAL|?|$0.005391|?|$617|0.08%|-51.20%|71.07%|True|False
636|Sharkcoin|SAK|?|$0.004054|?|$163|0.30%|1.32%|24.04%|False|False
637|Neptune Classic|NTCC|?|$0.003719|?|$4,407|0.34%|2.06%|-11.73%|False|False
638|KashhCoin|KASHH|?|$0.003717|?|$133,237|-0.01%|15.57%|47.37%|True|False
639|Darsek|KED|?|$0.003504|?|$1,375|0.13%|-1.27%|9.87%|False|False
640|BagCoin|BGC|?|$0.003403|?|$34,897|0.20%|0.54%|-22.09%|False|False
641|Psilocybin|PSY|?|$0.003208|?|Low Vol|5.42%|19.36%|?|False|False
642|ShellPay|SHELL|?|$0.003195|?|$129|0.00%|8.55%|-5.42%|True|False
643|TeraCoin|TERA|?|$0.002772|?|$369|1.50%|-11.57%|-28.95%|False|False
644|President Trump|PRES|?|$0.002720|?|$685|-0.14%|-14.50%|0.08%|True|False
645|RoyalCoin 2|RYCN|?|$0.002572|?|Low Vol|0.18%|0.38%|-47.86%|True|False
646|UltraCoin|UTC|?|$0.002208|?|$2,582|0.57%|12.03%|-14.30%|False|False
647|Bitcoin Scrypt|BTCS|?|$0.002193|?|$408|1.72%|9.70%|13.49%|False|False
648|Clinton|CLINT|?|$0.002181|?|Low Vol|0.06%|?|?|True|False
649|President San...|BURN|?|$0.002111|?|$221|0.06%|46.25%|26.78%|True|False
650|Helleniccoin|HNC|?|$0.002070|?|$339|1.69%|50.07%|80.40%|False|False
651|UR|UR|?|$0.001991|?|$300|-0.23%|-16.01%|27.78%|False|False
652|EggCoin|EGG|?|$0.001863|?|Low Vol|-0.12%|-22.62%|12.32%|True|False
653|True Investme...|TIC|?|$0.001757|?|Low Vol|0.29%|6.18%|11.89%|True|False
654|netBit|NBIT|?|$0.001501|?|Low Vol|-0.08%|-1.46%|-1.88%|True|False
655|GoldReserve|XGR|?|$0.001445|?|$422|-0.02%|-14.27%|5.21%|False|True
656|AvatarCoin|AV|?|$0.001410|?|Low Vol|-0.26%|5.16%|?|True|False
657|BestChain|BEST|?|$0.001185|?|$2,559|0.43%|-30.12%|-95.05%|False|False
658|TrickyCoin|TRICK|?|$0.001179|?|Low Vol|0.04%|10.88%|19.84%|False|False
659|RichCoin|RICHX|?|$0.001167|?|Low Vol|0.06%|2.02%|46.40%|False|False
660|GameLeagueCoin|GML|?|$0.000990|?|Low Vol|0.26%|16.59%|?|True|False
661|CHNCoin|CNC|?|$0.000986|?|$3,728|0.44%|12.61%|15.09%|False|False
662|Alphabet Coin...|FUN|?|$0.000967|?|$358|-1.04%|-14.72%|-16.15%|False|False
663|Quotient|XQN|?|$0.000955|?|Low Vol|0.06%|-15.46%|-10.84%|True|False
664|OCOW|OCOW|?|$0.000928|?|Low Vol|5.65%|23.76%|?|False|False
665|T-coin|TCOIN|?|$0.000897|?|$50,899|-0.11%|5.46%|-5.12%|False|False
666|RoyalCoin|ROYAL|?|$0.000864|?|Low Vol|0.06%|-2.71%|-20.68%|False|False
667|Motocoin|MOTO|?|$0.000819|?|$510|-0.44%|-9.17%|56.33%|False|False
668|Ripto Bux|RBX|?|$0.000807|?|$585|0.85%|34.31%|23.75%|True|False
669|CBD Crystals|CBD|?|$0.000778|?|Low Vol|-7.21%|29.20%|-19.37%|True|False
670|MetalCoin|METAL|?|$0.000742|?|Low Vol|0.06%|0.39%|0.11%|True|False
671|BitcoinFast|BCF|?|$0.000725|?|Low Vol|-0.27%|-11.67%|76.16%|False|True
672|SoonCoin|SOON|?|$0.000602|?|Low Vol|0.10%|27.26%|16.35%|True|False
673|Phoenixcoin|PXC|?|$0.000546|?|Low Vol|-1.19%|0.65%|2.89%|False|False
674|Happy Creator...|HCC|?|$0.000478|?|$128|-1.55%|-11.98%|-22.41%|True|False
675|FrankyWillCoin|FRWC|?|$0.000470|?|Low Vol|-0.29%|2.73%|17.45%|False|False
676|Bitcedi|BXC|?|$0.000463|?|$945|0.08%|1.41%|-8.96%|False|False
677|Digital Bulli...|DBG|?|$0.000460|?|Low Vol|0.05%|6.84%|30.18%|True|False
678|WeAreSatoshi|WSX|?|$0.000384|?|$889|-0.15%|-0.90%|27.00%|False|False
679|TodayCoin|TODAY|?|$0.000354|?|Low Vol|0.06%|-5.77%|-11.56%|False|False
680|Dubstep|DUB|?|$0.000318|?|Low Vol|0.06%|?|0.27%|True|False
681|MMXVI|MMXVI|?|$0.000318|?|Low Vol|0.06%|?|-15.48%|False|False
682|RubleBit|RUBIT|?|$0.000318|?|Low Vol|0.23%|-18.83%|-18.86%|False|False
683|Sakuracoin|SKR|?|$0.000312|?|$677|-0.12%|-6.51%|122.73%|False|False
684|Braincoin|BRAIN|?|$0.000311|?|Low Vol|-0.14%|?|-1.94%|True|False
685|SportsCoin|SPORT|?|$0.000307|?|Low Vol|0.06%|18.79%|15.07%|True|False
686|LePen|LEPEN|?|$0.000296|?|$6,134|-0.35%|9.45%|-2.86%|True|False
687|Quebecoin|QBC|?|$0.000259|?|Low Vol|0.06%|-0.51%|-8.14%|False|False
688|BitAlphaCoin|BAC|?|$0.000227|?|Low Vol|1.43%|-29.42%|12.47%|False|False
689|MarxCoin|MARX|?|$0.000224|?|$724|-0.05%|6.57%|18.90%|False|False
690|AsicCoin|ASC|?|$0.000216|?|Low Vol|-0.04%|?|98.33%|False|False
691|Lazaruscoin|LAZ|?|$0.000186|?|Low Vol|-0.98%|-6.82%|0.35%|True|False
692|UGAIN|GAIN|?|$0.000165|?|Low Vol|0.05%|22.97%|7.98%|False|False
693|Cubits|QBT|?|$0.000141|?|Low Vol|0.06%|0.51%|-7.46%|False|False
694|Moneta|MONETA|?|$0.000133|?|Low Vol|0.69%|-1.77%|-29.39%|False|False
695|Operand|OP|?|$0.000130|?|Low Vol|0.06%|?|10.25%|True|False
696|DarkLisk|DISK|?|$0.000118|?|Low Vol|0.02%|-16.14%|?|False|False
697|PrismChain|PRM|?|$0.000110|?|$287|-6.06%|13.47%|?|True|False
698|Cycling Coin|CYC|?|$0.000106|?|Low Vol|0.06%|?|?|True|False
699|MobileCash|MBL|?|$0.000071|?|Low Vol|0.06%|3.61%|34.46%|False|False
700|FedoraShare|FEDS|?|$0.000057|?|$5,833,908|0.04%|0.09%|-5.11%|True|False
701|TheCreed|TCR|?|$0.000047|?|Low Vol|2.18%|27.06%|-4.58%|False|False
702|UNCoin|UNC|?|$0.000036|?|$708|-2.57%|-11.10%|12.31%|True|False
703|PinkDog|PDG|?|$0.000032|?|Low Vol|6.62%|-39.04%|171.44%|False|False
704|MoneyCoin|MONEY|?|$0.000028|?|Low Vol|3.75%|5.18%|-7.92%|False|False
705|PayPeer|PAYP|?|$0.000024|?|Low Vol|?|?|?|False|False
706|VegasCoin|VGC|?|$0.000024|?|Low Vol|0.05%|0.62%|0.32%|False|False
707|TeamUp|TEAM|?|$0.000024|?|Low Vol|0.06%|-32.99%|-14.07%|True|False
708|FireFlyCoin|FFC|?|$0.000024|?|Low Vol|3.27%|1.98%|31.22%|False|False
709|Tellurion|TELL|?|$0.000024|?|Low Vol|0.06%|0.38%|?|False|False
710|X2|X2|?|$0.000023|?|Low Vol|0.06%|98.48%|?|True|False
711|Global Busine...|GBRC|?|$0.000023|?|$245|0.06%|-58.32%|?|False|False
712|Aces|ACES|?|$0.000014|?|$1,381|-5.00%|-1.88%|11.52%|True|False
713|InflationCoin|IFLT|?|$0.000012|?|Low Vol|3.80%|-33.30%|-19.88%|True|False
714|Yescoin|YES|?|$0.000012|?|Low Vol|0.02%|0.59%|0.31%|False|False
715|Valorbit|VAL|?|$0.000012|?|Low Vol|0.06%|0.51%|?|False|False
716|SoulCoin|SOUL|?|$0.000012|?|Low Vol|0.06%|0.51%|0.25%|False|False
717|President Cli...|HILL|?|$0.000012|?|Low Vol|0.06%|-0.36%|?|True|False
718|Victoriouscoin|VTY|?|$0.000012|?|Low Vol|0.06%|0.52%|29.08%|False|False
719|ChoofCoin|CHOOF|?|$0.000012|?|Low Vol|0.06%|?|0.30%|False|False
720|Safe Trade Coin|XSTC|?|$0.000012|?|Low Vol|0.06%|-0.52%|?|True|False
721|Cashme|CME|?|$0.000012|?|Low Vol|-0.63%|-20.19%|-49.82%|False|True
722|CyberCoin|CC|?|$0.000012|?|Low Vol|0.06%|0.31%|-0.02%|True|False
723|Virtacoin|VTA|?|$0.000010|?|$648|2.17%|-15.55%|?|False|False
724|Dimecoin|DIME|?|$0.000005|?|$762|-13.13%|-43.70%|514.79%|False|False
725|Devcoin|DVC|?|$0.000002|?|Low Vol|-0.05%|14.80%|-75.43%|False|False
726|XP|XP|?|$2.6e-07|?|Low Vol|-6.95%|582.47%|?|False|False
727|BitCentavo|NBE|?|$9.7e-08|?|Low Vol|-2.40%|-8.07%|?|False|False
728|Paccoin|PAC|?|$1.7e-08|?|Low Vol|0.52%|11.26%|26.97%|False|False
